text,label
"Congratulations! You won a free lottery of the year and can win one for only £2,500! A special 'fan giveaway' of £50 is now open with a prize of £3,500 and it is available only at your choice of",1
"Congratulations! You won a free lottery of all sizes of a toy.

This was a giveaway at the end of November 2016. The winner of the lottery was chosen randomly and will have a chance to win a prize of $2,500.",1
"Congratulations! You won a free lottery of the best prizes from the first round. Don't worry! The first 50 people to win a free giveaway will get one $60 reward! But, if everyone can participate and receive the prize, we'll announce",1
"Congratulations! You won a free lottery of any kind! I'd just like to thank you and hope you'll stay for a very long time."" She waved a hand as she was rewarded by his embrace. ""Thank you, Mr. Robot, for",1
"Congratulations! You won a free lottery of $3,000 to buy a 3rd Seat. You will not be required to take part in any of the upcoming races! You can participate online, through one of the online channels, or you can sign",1
"You have been selected for a cash prize of 1,000 Credits to win a piece of equipment in the game. Once you have selected a piece of equipment you will have access to 2 of your choice of the following prizes:

Tecs",1
"You have been selected for a cash prize of $1000 which you can redeem for the following things, I will send you an email once the cash prize is awarded and I will send you your email once the final payment has been processed.

1",1
"You have been selected for a cash prize of $500.00 or greater. If you do not complete the $500.00 or less, you will not be eligible to win the prize or receive a new prize offer. All rewards are based on",1
"You have been selected for a cash prize of 1,000 rupees.


*You have already been selected for a free match

Note: Prizes will be announced via email, we will contact you if you have questions.

",1
"You have been selected for a cash prize of £5,000.""

But it appeared that all that the money would cost - as he did not know whether to accept the money - was going towards the care and training of those involved in the",1
"Earn money fast by being ready.

What you need are:

3-4 gallons of gas

1/4 cup vegetable broth

1/2 cup organic liquid

1/4 cup water

4 slices of",1
"Earn money fast by paying taxes.

I think we should pay income taxes to help pay off our debts.

Tax rates don't apply to people without incomes, so it's not a huge surprise that income taxes are heavily concentrated at the",1
"Earn money fast by not spending, we could start doing more research.

The most common reason people spend too much is because they can't find the time or money they need. Here's what you need to do:

Make plans and",1
"Earn money fast by taking money from your bank

3. Know how you can save

Make money by buying stuff and making it more comfortable. You can choose how often to buy, what type of toys you want, what things to buy",1
"Earn money fast by investing in projects that help develop high quality, accessible, and safe products that we have sold and will continue to sell.""

One of the key aims of blockchain was to ensure that the economy could support the world's population,",1
"Get your free gift card now at http://www.gifts-network.com!

*For questions regarding our products, please feel free to contact us at sales@giftsnetwork.com (We are very excited about this idea!)",1
Get your free gift card now at http://giftmeals.com/tricks/tricks-tricks-1-141234013044. The offer is free.,1
"Get your free gift card now at:

Evan Miller is one of the original pioneers in the space. He founded the Mars Exploration Program in 1973 and built one of the biggest rockets in the history of science. In 1983, he developed the",1
"Get your free gift card now at www.dvdgiftcard.com/donate (included in gift card payment)

Donate now at www.dvdgiftcard.com/donate (included in gift",1
"Get your free gift card now at the link above. We'll let you know if we make it.

If you've already got your FREE gift card, here's how to redeem it online.

How to Get Your Free Gift Card",1
"Claim your reward by clicking below. If it works for you!


You'll need an HTML5 capable browser to see this content. Play Replay with sound Play with

sound 00:00 00:00",1
"Claim your reward by clicking on the reward button below to claim your prize. It may take up to 3 business days to be awarded. For details see the guidelines below.

Winner will be contacted and notified via email about any and all prize winners",1
"Claim your reward by clicking the ""Submit"" button below.

Once you've successfully completed your reward, you will receive a confirmation email from me. I will be happy to send you an invoice and all the details of your purchases.",1
"Claim your reward by clicking the ""Submit Your Reward"" button below.

Reward your payment with PayPal or DASH.

We will send you a message and ask for your reward in the mail.

We will then accept your PayPal",1
"Claim your reward by clicking here.

Ages 16+

We invite you to compete by participating in the Open Trials on the 1st of February 2013. The competition will start at 8:00 AM the 5th of February 2013.",1
"Dear John, I wanted to update you about my visit to the GSA in St. Louis this week and why I want to make this the biggest event you have ever heard of here in America.

As I was getting to know you,",0
"Dear John, I wanted to update you about this meeting with Mr. Sanders and the meeting last month at the Sanders Center in Burlington. But you also stated that the issue of the Keystone XL pipeline was on the agenda for the meeting with Mr. Sanders",0
"Dear John, I wanted to update you about how I did my job on the program so far. As you may remember, my office did everything, at the highest levels, possible to help people like yourself and to keep them engaged. In fact,",0
"Dear John, I wanted to update you about the situation and the matter is under investigation by the Board of Supervisors. I will update you to confirm this is the case.""

If it turns out that the owner of the house had been paid",0
"Dear John, I wanted to update you about the process on behalf of the U.S. Department of Defense and the Secretary of Defense. I had read that the last few weeks were very busy, the first half of June was almost off and the",0
"Meeting scheduled for tomorrow at the airport and staying at the Marriott and Marriott Marquis for a few days.

You can check out more about The Secret of Being the Superstar here.

1. You can get to the Secret of",0
"Meeting scheduled for tomorrow at 4pm EST. The venue can be found here .

Bobby's Bazaar - The Bazaar is a place where kids from across the UK can catch up on their favourite films, new bookmarks, meet",0
"Meeting scheduled for tomorrow at 12pm for more info. #Groups

1. No registration is needed for groups.

2. Participants who are not already registered are not welcome.

3. All attendees will register online at",0
"Meeting scheduled for tomorrow at 9 am PST/12 noon EST.

We have a great crowd and we have some incredible sponsors!",0
"Meeting scheduled for tomorrow at 3PM PDT

6:00 PM PDT

Location:

Garden

A lot has changed in the last few months, but that hasn't stopped a growing community of game makers from working together",0
"Here is the report for last month's presidential election:

Clinton leads Donald Trump by 5 points, 55 to 31 percent, over Bernie Sanders, 43 to 40 percent, who now leads Trump by just 1 percent.

The same poll conducted",0
Here is the report for last month's report and the entire list. I'm starting to get really tired of that! Thanks for reading and I hope you enjoyed it. I am in my 60's at this point and I can get behind this blog,0
Here is the report for last month's annual report and the current version of that report. You can also follow us on Facebook and Twitter.,0
"Here is the report for last month's election:

NON-GAP: Election Day 2017

A post shared by DonaldJW (@jeffreyjwb) on Jun 10, 2017 at 3:57pm PDT

",0
"Here is the report for last month (Nov. 18): ""Sudan University's President Zinein Dharana posted a Facebook post in March showing her taking time out from campaigning to return to college. ""In that same article, D",0
"Can we reschedule our appointment to be late in time if you wish to reschedule for further business?

We are not able to reschedule appointments due to the business hours of the customer. If you believe your order was not",0
"Can we reschedule our appointment to accommodate your needs before we make the final decision?"" The application is also available to anyone who was last booked. If you would like a copy of the application please click here and email us at admin@livemind",0
"Can we reschedule our appointment to accommodate your demands?

We can accommodate your needs, but some people do not want their appointment cancelled. If you need something to eat, or take a shower for a medical condition, you must cancel it",0
"Can we reschedule our appointment to allow more time for the final test?


No, we would like to take care of our scheduled test.


Can we use our special test card to take a test?

Yes! We",0
"Can we reschedule our appointment to our previous date?

To reschedule our appointment to the next date you do not have to pay any fee. This service is provided by the Department of Health.

Can I cancel an appointment",0
"Please review the attached document if it is any further use.

Signed: April 9, 2010

Date: 8:46am

Date/Time: 11:55am

Advertisements",0
"Please review the attached document for further discussion.

In the meantime, a great deal of research and information needs to be done to find out what is wrong with the current version of Bitcoin.

On Friday, it is widely believed that the",0
Please review the attached document and please share on Facebook and Twitter.,0
"Please review the attached document.


*Please review the attached document.",0
"Please review the attached document.

The next time you start to notice that your laptop and tablet are not working, do the following:

Remove your mobile browser, and do NOT click on ""Windows 7"".

Remove your Desktop browser",0
